Change Type,Empresa,Código,Título,Revisión,Fecha de emisión,Disciplina,Tipo de documento,Grupo de documento,Clase de documento,Estado,Fase/Área,Creado el,Área Húmeda
NEW,CONSORCIO CONSTRUCTOR PERU - CCP,3152CCP-AH-CC-DA-RFI-007,Detalle de puesta a tierra - sistema de control e instrumentación,0,24/02/2026,ELECTRICA,Solicitud de Información (Request For Informatión),Documentos,Técnicos,Revisión y Respuesta,Construcción,27/02/2026 00:03,3300 - Extracción por Solventes
NEW,CONSORCIO CONSTRUCTOR PERU - CCP,3152CCP-AH-CC-DA-RFI-008,Solicitud de planos sistema protección atmosférica,0,24/02/2026,ELECTRICA,Solicitud de Información (Request For Informatión),Documentos,Técnicos,Revisión y Respuesta,Construcción,27/02/2026 00:04,3300 - Extracción por Solventes
NEW,CONSORCIO CONSTRUCTOR PERU - CCP,3152CCP-AH-CC-DA-RFI-014,Protección atmosférica – sala eléctrica 820-ERP-001,0,17/03/2026,ELECTRICA,Solicitud de Información (Request For Informatión),Documentos,Técnicos,Revisión y Respuesta,Construcción,21/04/2026 15:07,"3820 - Bombeo, Pozas y Tuberías de PLS"
NEW,CONSORCIO CONSTRUCTOR PERU - CCP,3152CCP-AH-CC-DA-RFI-061,Línea eléctrica 23KV para las pozas del área 810/820/830,0,09/05/2026,ELECTRICA,Solicitud de Información (Request For Informatión),Documentos,Técnicos,Para Revisión y Comentarios,Construcción,06/07/2026 22:26,3000 - Área Húmeda - General
NEW,CONSORCIO CONSTRUCTOR PERU - CCP,3152CCP-AH-CC-DA-RFI-065,Definir canalización de bandejas porta cables,0,11/05/2026,ELECTRICA,Solicitud de Información (Request For Informatión),Documentos,Técnicos,Para Revisión y Comentarios,Construcción,06/07/2026 22:39,3500 - Depositación Electrolítica
NEW,CONSORCIO CONSTRUCTOR PERU - CCP,3152CCP-AH-CC-DA-RFI-141,Solicitud de definición de detalle de instalación de luminaria de alumbrado público en poste,0,01/07/2026,ELECTRICA,Solicitud de Información (Request For Informatión),Documentos,Técnicos,Para Revisión y Comentarios,Construcción,05/07/2026 14:09,3300 - Extracción por Solventes
NEW,CONSORCIO CONSTRUCTOR PERU - CCP,3152CCP-AH-CC-DA-RFI-184,Separación de soportes para bandeja área 3000,0,02/08/2026,ELECTRICA,Solicitud de Información (Request For Informatión),Documentos,Técnicos,Para Revisión y Comentarios,Construcción,22/08/2026 15:27,3000 - Área Húmeda - General
NEW,SOUTHERN PERU COPPER CORPORATION SUCURSAL DEL PERÚ,L4P22114-RNC-009,Desarrollo de Ingeniería de Detalle de la disciplina Eléctrica con errores,B,14/04/2026,ELECTRICA,Reporte de No Conformidad,Documentos,Técnicos,Para uso y aplicación,Ingeniería,26/06/2026 09:46,3000 - Área Húmeda - General
NEW,CUMBRA INGENIERÍA S.A.,P22-DA-0300-07-LY-003,DISPOSICIÓN DE EQUIPOS SALA ELÉCTRICA 300-ERS-002 - PLANTA,B,05/12/2025,ELECTRICA,Planos,Planos,Técnicos,Revisado con Comentarios,Ingeniería,05/12/2025 12:56,
NEW,CUMBRA INGENIERÍA S.A.,P22-DA-0300-07-LY-004,DISPOSICIÓN DE EQUIPOS SALA ELÉCTRICA 300-ERS-002 - SECCIONES,B,05/12/2025,ELECTRICA,Planos,Planos,Técnicos,Revisado con Comentarios,Ingeniería,05/12/2025 12:55,
NEW,CUMBRA INGENIERÍA S.A.,P22-DA-3000-07-LY-003,SUMINISTRO ELÉCTRICO 23 KV ÁREA HÚMEDA - DISPOSICIÓN DE CANALIZACIONES ELÉCTRICAS - SECCIONES Y DETALLES,0,21/07/2026,ELECTRICA,Planos,Planos,Técnicos,Informativo,Ingeniería,21/07/2026 16:21,3000 - Área Húmeda - General
NEW,CUMBRA INGENIERÍA S.A.,P22-DA-3000-07-LY-004,DISPOSICIÓN GENERAL DE CANALIZACIONES ELÉCTRICAS 23 kV- PLANTA,0,23/07/2026,ELECTRICA,Planos,Planos,Técnicos,Informativo,Ingeniería,23/07/2026 15:44,3000 - Área Húmeda - General
NEW,CUMBRA INGENIERÍA S.A.,P22-DA-3000-07-LY-005,DISPOSICIÓN DE CANALIZACIONES ELÉCTRICAS 23 kV- SECCIONES (1 DE 2),0,23/07/2026,ELECTRICA,Planos,Planos,Técnicos,Informativo,Ingeniería,23/07/2026 16:31,3000 - Área Húmeda - General
NEW,CUMBRA INGENIERÍA S.A.,P22-DA-3000-07-LY-006,DISPOSICIÓN DE CANALIZACIONES ELÉCTRICAS 23 kV- SECCIONES (2 DE 2),0,23/07/2026,ELECTRICA,Planos,Planos,Técnicos,Informativo,Ingeniería,23/07/2026 16:33,3000 - Área Húmeda - General
NEW,CUMBRA INGENIERÍA S.A.,P22-DA-3000-07-LY-007,SISTEMA DE RECTIFICACIÓN N°1 - CANALIZACIONES ELÉCTRICAS - PLANTA Y SECCIONES,0,29/07/2026,ELECTRICA,Planos,Planos,Técnicos,Informativo,Ingeniería,30/07/2026 08:52,3000 - Área Húmeda - General
NEW,CUMBRA INGENIERÍA S.A.,P22-DA-3000-07-LY-008,SISTEMA DE RECTIFICACIÓN N°2 - CANALIZACIONES ELÉCTRICAS - PLANTA Y SECCIONES,0,29/07/2026,ELECTRICA,Planos,Planos,Técnicos,Informativo,Ingeniería,30/07/2026 08:53,3000 - Área Húmeda - General
NEW,CUMBRA INGENIERÍA S.A.,P22-DA-3000-07-LY-009,CANALIZACIONES ELÉCTRICAS 23 kV - DESARROLLO DE BUZONES ELÉCTRICOS (1 DE 3),1,27/07/2026,ELECTRICA,Planos,Planos,Técnicos,Informativo,Ingeniería,27/07/2026 09:28,3000 - Área Húmeda - General
NEW,CUMBRA INGENIERÍA S.A.,P22-DA-3000-07-LY-010,CANALIZACIONES ELÉCTRICAS 23 kV - DESARROLLO DE BUZONES ELÉCTRICOS (2 DE 3),1,27/07/2026,ELECTRICA,Planos,Planos,Técnicos,Informativo,Ingeniería,27/07/2026 09:29,3000 - Área Húmeda - General
NEW,CUMBRA INGENIERÍA S.A.,P22-DA-3000-07-LY-011,CANALIZACIONES ELÉCTRICAS 23 kV - DESARROLLO DE BUZONES ELÉCTRICOS (3 DE 3),0,29/07/2026,ELECTRICA,Planos,Planos,Técnicos,Revisado con Comentarios,Ingeniería,30/07/2026 08:54,3000 - Área Húmeda - General
NEW,CUMBRA INGENIERÍA S.A.,P22-DA-3000-07-LY-012,SISTEMA DE RECTIFICACIÓN N°2 - CANALIZACIONES ELÉCTRICAS - SECCIONES Y DETALLES,B,11/08/2026,ELECTRICA,Planos,Planos,Técnicos,Revisado con Comentarios,Ingeniería,11/08/2026 14:31,3000 - Área Húmeda - General
NEW,CUMBRA INGENIERÍA S.A.,P22-DA-3000-07-RD-001,ESTÁNDARES CONSTRUCTIVOS - CANALIZACIONES DE FUERZA Y CONTROL (1 DE 7),0,28/04/2026,ELECTRICA,Planos,Planos,Técnicos,Informativo,Ingeniería,28/04/2026 12:24,3000 - Área Húmeda - General
NEW,CUMBRA INGENIERÍA S.A.,P22-DA-3000-07-RD-002,ESTÁNDARES CONSTRUCTIVOS - CANALIZACIONES DE FUERZA Y CONTROL (2 DE 7),0,28/04/2026,ELECTRICA,Planos,Planos,Técnicos,Informativo,Ingeniería,28/04/2026 12:25,3000 - Área Húmeda - General
NEW,CUMBRA INGENIERÍA S.A.,P22-DA-3000-07-RD-003,ESTÁNDARES CONSTRUCTIVOS - CANALIZACIONES DE FUERZA Y CONTROL (3 DE 7),0,28/04/2026,ELECTRICA,Planos,Planos,Técnicos,Informativo,Ingeniería,28/04/2026 12:26,3000 - Área Húmeda - General
NEW,CUMBRA INGENIERÍA S.A.,P22-DA-3000-07-RD-004,ESTÁNDARES CONSTRUCTIVOS - CANALIZACIONES DE FUERZA Y CONTROL (4 DE 7),0,28/04/2026,ELECTRICA,Planos,Planos,Técnicos,Informativo,Ingeniería,28/04/2026 12:27,3000 - Área Húmeda - General
NEW,CUMBRA INGENIERÍA S.A.,P22-DA-3000-07-RD-005,ESTÁNDARES CONSTRUCTIVOS - CANALIZACIONES DE FUERZA Y CONTROL (5 DE 7),0,28/04/2026,ELECTRICA,Planos,Planos,Técnicos,Informativo,Ingeniería,28/04/2026 12:28,3000 - Área Húmeda - General
NEW,CUMBRA INGENIERÍA S.A.,P22-DA-3000-07-RD-006,ESTÁNDARES CONSTRUCTIVOS - CANALIZACIONES DE FUERZA Y CONTROL (6 DE 7),0,28/04/2026,ELECTRICA,Planos,Planos,Técnicos,Informativo,Ingeniería,28/04/2026 12:29,3000 - Área Húmeda - General
NEW,CUMBRA INGENIERÍA S.A.,P22-DA-3000-07-RD-007,ESTÁNDARES CONSTRUCTIVOS - CANALIZACIONES DE FUERZA Y CONTROL (7 DE 7),0,28/04/2026,ELECTRICA,Planos,Planos,Técnicos,Informativo,Ingeniería,28/04/2026 12:29,3000 - Área Húmeda - General
NEW,CUMBRA INGENIERÍA S.A.,P22-DA-3000-07-RD-008,ESTÁNDARES CONSTRUCTIVOS - SISTEMA DE TIERRA Y PROTECCIÓN ATMOSFÉRICA (1 DE 4),0,19/03/2026,ELECTRICA,Planos,Planos,Técnicos,Revisado y Validado,Ingeniería,19/03/2026 10:35,3000 - Área Húmeda - General
UPDATED,CUMBRA INGENIERÍA S.A.,P22-DA-3300-07-GL-006,PUESTA A TIERRA PARA TANQUES DE DIESEL Y DILUYENTE,B,19/08/2026,ELECTRICA,Planos,Planos,Técnicos,Revisión de SPCC,Ingeniería,19/08/2026 09:36,3300 - Extracción por Solventes
UPDATED,CUMBRA INGENIERÍA S.A.,P22-DA-3300-07-LL-007,TREN A - E3- D Y L - DISTRIBUCIÓN DE ALUMBRADO - SECCIONES (1 DE 2),0,26/06/2026,ELECTRICA,Planos,Planos,Técnicos,Revisado con Comentarios,Ingeniería,26/06/2026 12:53,3300 - Extracción por Solventes
NEW,CUMBRA INGENIERÍA S.A.,P22-DA-3300-07-LL-012,TREN B - E3- D Y L - DISTRIBUCIÓN DE ALUMBRADO - PLANTA,0,26/06/2026,ELECTRICA,Planos,Planos,Técnicos,Revisado con Comentarios,Ingeniería,26/06/2026 17:30,3300 - Extracción por Solventes
UPDATED,CUMBRA INGENIERÍA S.A.,P22-DA-3300-07-LY-007,ÁREA DE DIÉSEL Y DILUYENTE - CANALIZACIÓN FUERZA Y CONTROL - PLANTA,B,17/08/2026,ELECTRICA,Planos,Planos,Técnicos,Revisión de SPCC,Ingeniería,17/08/2026 11:39,3300 - Extracción por Solventes
UPDATED,CUMBRA INGENIERÍA S.A.,P22-DA-3300-07-LY-008,ÁREA DE DIÉSEL Y DILUYENTE - CANALIZACIÓN FUERZA Y CONTROL - SECCIONES Y DETALLES,B,17/08/2026,ELECTRICA,Planos,Planos,Técnicos,Revisión de SPCC,Ingeniería,17/08/2026 11:40,3300 - Extracción por Solventes
UPDATED,CUMBRA INGENIERÍA S.A.,P22-DA-3300-07-LY-012,TREN A PLANTA E1 - CANALIZACIÓN FUERZA Y CONTROL BANDEJAS Y CONDUITS - SECCIONES,B,11/06/2026,ELECTRICA,Planos,Planos,Técnicos,Revisado con Comentarios,Ingeniería,12/06/2026 09:32,3300 - Extracción por Solventes
UPDATED,CUMBRA INGENIERÍA S.A.,P22-DA-3300-07-LY-028,CANALIZACIÓN FUERZA Y CONTROL - BANCO DUCTOS - PLANTA,1,21/08/2026,ELECTRICA,Planos,Planos,Técnicos,Construcción,Ingeniería,21/08/2026 17:48,3300 - Extracción por Solventes
UPDATED,CUMBRA INGENIERÍA S.A.,P22-DA-3300-07-LY-029,CANALIZACIÓN FUERZA Y CONTROL - BANCO DUCTOS - SECCIONES Y DETALLES (1 DE 3),D,27/05/2026,ELECTRICA,Planos,Planos,Técnicos,Revisión de SPCC,Ingeniería,27/05/2026 17:56,3300 - Extracción por Solventes
UPDATED,CUMBRA INGENIERÍA S.A.,P22-DA-3300-07-LY-032,DESARROLLO DE BUZONES ELÉCTRICOS (1 DE 5),1,22/05/2026,ELECTRICA,Planos,Planos,Técnicos,Revisado y Validado,Ingeniería,25/05/2026 10:01,3300 - Extracción por Solventes
UPDATED,CUMBRA INGENIERÍA S.A.,P22-DA-3300-07-WD-058,DIAGRAMA ESQUEMÁTICO DE CONTROL CARRO EXTRACCIÓN GRUMOS “300-CWR-001”,0,13/08/2026,ELECTRICA,Planos,Planos,Técnicos,Informativo,Ingeniería,13/08/2026 12:28,3300 - Extracción por Solventes
UPDATED,CUMBRA INGENIERÍA S.A.,P22-DA-3300-07-WD-059,DIAGRAMA ESQUEMÁTICO DE CONTROL CARRO EXTRACCIÓN GRUMOS “300-CWR-004”,0,13/08/2026,ELECTRICA,Planos,Planos,Técnicos,Informativo,Ingeniería,13/08/2026 12:29,3300 - Extracción por Solventes
UPDATED,CUMBRA INGENIERÍA S.A.,P22-DA-3300-07-WD-060,DIAGRAMA ESQUEMÁTICO DE CONTROL CARRO EXTRACCIÓN GRUMOS “300-CWR-005”,0,13/08/2026,ELECTRICA,Planos,Planos,Técnicos,Informativo,Ingeniería,13/08/2026 12:29,3300 - Extracción por Solventes
UPDATED,CUMBRA INGENIERÍA S.A.,P22-DA-3300-07-WD-066,DIAGRAMA ESQUEMÁTICO DE CONTROL CARRO EXTRACCIÓN GRUMOS “300-CWR-006”,0,13/08/2026,ELECTRICA,Planos,Planos,Técnicos,Informativo,Ingeniería,13/08/2026 12:35,3300 - Extracción por Solventes
UPDATED,CUMBRA INGENIERÍA S.A.,P22-DA-3300-07-WD-067,DIAGRAMA ESQUEMÁTICO DE CONTROL CARRO EXTRACCIÓN GRUMOS “300- CWR-009”,0,13/08/2026,ELECTRICA,Planos,Planos,Técnicos,Informativo,Ingeniería,13/08/2026 12:37,3300 - Extracción por Solventes
UPDATED,CUMBRA INGENIERÍA S.A.,P22-DA-3300-07-WD-068,DIAGRAMA ESQUEMÁTICO DE CONTROL CARRO EXTRACCIÓN GRUMOS “300-CWR-010”,0,13/08/2026,ELECTRICA,Planos,Planos,Técnicos,Informativo,Ingeniería,13/08/2026 12:39,3300 - Extracción por Solventes
UPDATED,CUMBRA INGENIERÍA S.A.,P22-DA-3300-07-WD-073,DIAGRAMA ESQUEMÁTICO DE CONTROL BOMBA ORGÁNICO TRATADO. “300- PPC-001”,0,12/08/2026,ELECTRICA,Planos,Planos,Técnicos,Informativo,Ingeniería,13/08/2026 08:42,3300 - Extracción por Solventes
UPDATED,CUMBRA INGENIERÍA S.A.,P22-DA-3300-07-WD-121,DIAGRAMA DE INTERCONEXIONES “BOMBA TRASPASO ORGÁNICO 300-PPC-006”,0,13/08/2026,ELECTRICA,Planos,Planos,Técnicos,Informativo,Ingeniería,13/08/2026 11:51,3300 - Extracción por Solventes
UPDATED,CUMBRA INGENIERÍA S.A.,P22-DA-3300-07-WD-122,DIAGRAMA DE INTERCONEXIONES “BOMBA TRASPASO ORGÁNICO 300-PPC-007”,0,13/08/2026,ELECTRICA,Planos,Planos,Técnicos,Informativo,Ingeniería,13/08/2026 11:55,3300 - Extracción por Solventes
UPDATED,CUMBRA INGENIERÍA S.A.,P22-DA-3300-07-WD-123,DIAGRAMA DE INTERCONEXIONES “BOMBA TRASPASO ORGÁNICO 300-PPC-008”,0,13/08/2026,ELECTRICA,Planos,Planos,Técnicos,Informativo,Ingeniería,13/08/2026 11:57,3300 - Extracción por Solventes
UPDATED,CUMBRA INGENIERÍA S.A.,P22-DA-3300-07-WD-124,DIAGRAMA DE INTERCONEXIONES “BOMBA TRASPASO ORGÁNICO 300-PPC-009”,0,13/08/2026,ELECTRICA,Planos,Planos,Técnicos,Informativo,Ingeniería,13/08/2026 11:59,3300 - Extracción por Solventes
UPDATED,CUMBRA INGENIERÍA S.A.,P22-DA-3300-07-WD-125,DIAGRAMA DE INTERCONEXIONES “BOMBA TRASPASO ORGÁNICO 300-PPC-012,0,13/08/2026,ELECTRICA,Planos,Planos,Técnicos,Informativo,Ingeniería,13/08/2026 12:00,3300 - Extracción por Solventes
UPDATED,CUMBRA INGENIERÍA S.A.,P22-DA-3300-07-WD-126,DIAGRAMA DE INTERCONEXIONES “BOMBA TRASPASO ORGÁNICO 300-PPC-013,0,13/08/2026,ELECTRICA,Planos,Planos,Técnicos,Informativo,Ingeniería,13/08/2026 12:01,3300 - Extracción por Solventes
UPDATED,CUMBRA INGENIERÍA S.A.,P22-DA-3300-07-WD-127,DIAGRAMA DE INTERCONEXIONES “BOMBA TRASPASO ACUOSO 300-PPC-014,0,13/08/2026,ELECTRICA,Planos,Planos,Técnicos,Informativo,Ingeniería,13/08/2026 12:02,3300 - Extracción por Solventes
UPDATED,CUMBRA INGENIERÍA S.A.,P22-DA-3300-07-WD-128,DIAGRAMA DE INTERCONEXIONES “BOMBA TRASPASO ACUOSO 300-PPC-015,0,13/08/2026,ELECTRICA,Planos,Planos,Técnicos,Informativo,Ingeniería,13/08/2026 12:03,3300 - Extracción por Solventes
UPDATED,CUMBRA INGENIERÍA S.A.,P22-DA-3300-07-WD-129,DIAGRAMA DE INTERCONEXIONES “BOMBA ALIMENTACIÓN TRICANTER 300-PPD-003”,0,13/08/2026,ELECTRICA,Planos,Planos,Técnicos,Informativo,Ingeniería,13/08/2026 12:04,3300 - Extracción por Solventes
UPDATED,CUMBRA INGENIERÍA S.A.,P22-DA-3300-07-WD-130,DIAGRAMA DE INTERCONEXIONES “BOMBA ALIMENTACIÓN TRICANTER 300-PPD-007”,0,13/08/2026,ELECTRICA,Planos,Planos,Técnicos,Informativo,Ingeniería,13/08/2026 12:41,3300 - Extracción por Solventes
UPDATED,CUMBRA INGENIERÍA S.A.,P22-DA-3300-07-WD-131,DIAGRAMA DE INTERCONEXIONES CARRO TRACCIÓN EXTRACCIÓN GRUMOS E1 “300-CWR-001”,0,13/08/2026,ELECTRICA,Planos,Planos,Técnicos,Informativo,Ingeniería,13/08/2026 12:14,3300 - Extracción por Solventes
UPDATED,CUMBRA INGENIERÍA S.A.,P22-DA-3300-07-WD-132,DIAGRAMA DE INTERCONEXIONES CARRO TRACCIÓN EXTRACCIÓN GRUMOS D “300-CWR-004”,0,13/08/2026,ELECTRICA,Planos,Planos,Técnicos,Informativo,Ingeniería,13/08/2026 12:15,3300 - Extracción por Solventes
UPDATED,CUMBRA INGENIERÍA S.A.,P22-DA-3300-07-WD-133,DIAGRAMA DE INTERCONEXIONES CARRO TRACCIÓN EXTRACCIÓN GRUMOS L “300-CWR-005”,0,13/08/2026,ELECTRICA,Planos,Planos,Técnicos,Informativo,Ingeniería,13/08/2026 12:19,3300 - Extracción por Solventes
UPDATED,CUMBRA INGENIERÍA S.A.,P22-DA-3300-07-WD-134,DIAGRAMA DE INTERCONEXIONES AGITADOR TANQUE GRUMOS PRIMARIOS “300-AGA-001”,0,13/08/2026,ELECTRICA,Planos,Planos,Técnicos,Informativo,Ingeniería,13/08/2026 12:21,3300 - Extracción por Solventes
UPDATED,CUMBRA INGENIERÍA S.A.,P22-DA-3300-07-WD-136,DIAGRAMA DE INTERCONEXIONES AGITADOR TANQUE TRATAMIENTO DE ORGÁNICO “300-AGA-003”,0,13/08/2026,ELECTRICA,Planos,Planos,Técnicos,Informativo,Ingeniería,13/08/2026 12:23,3300 - Extracción por Solventes
UPDATED,CUMBRA INGENIERÍA S.A.,P22-DA-3300-07-WD-137,DIAGRAMA DE INTERCONEXIONES AGITADOR TANQUE GRUMOS SECUNDARIOS “300-AGA-006”,0,13/08/2026,ELECTRICA,Planos,Planos,Técnicos,Informativo,Ingeniería,13/08/2026 12:24,3300 - Extracción por Solventes
UPDATED,CUMBRA INGENIERÍA S.A.,P22-DA-3300-07-WD-138,DIAGRAMA DE INTERCONEXIONES AGITADOR TANQUE PRE-CAPA “300-AGA-009”,0,13/08/2026,ELECTRICA,Planos,Planos,Técnicos,Informativo,Ingeniería,13/08/2026 12:24,3300 - Extracción por Solventes
UPDATED,CUMBRA INGENIERÍA S.A.,P22-DA-3300-07-WD-139,DIAGRAMA DE INTERCONEXIONES CARRO TRACCIÓN EXTRACCIÓN GRUMOS E1 “300-CWR-006”,0,13/08/2026,ELECTRICA,Planos,Planos,Técnicos,Informativo,Ingeniería,13/08/2026 12:25,3300 - Extracción por Solventes
UPDATED,CUMBRA INGENIERÍA S.A.,P22-DA-3300-07-WD-140,DIAGRAMA DE INTERCONEXIONES CARRO TRACCIÓN EXTRACCIÓN GRUMOS D “300-CWR-009”,0,13/08/2026,ELECTRICA,Planos,Planos,Técnicos,Informativo,Ingeniería,13/08/2026 12:39,3300 - Extracción por Solventes
UPDATED,CUMBRA INGENIERÍA S.A.,P22-DA-3300-07-WD-141,DIAGRAMA DE INTERCONEXIONES CARRO TRACCIÓN EXTRACCIÓN GRUMOS L “300-CWR-010”,0,13/08/2026,ELECTRICA,Planos,Planos,Técnicos,Informativo,Ingeniería,13/08/2026 12:40,3300 - Extracción por Solventes
UPDATED,CUMBRA INGENIERÍA S.A.,P22-DA-3300-07-WD-146,DIAGRAMA DE INTERCONEXIONES BOMBA DE ORGÁNICO TRATADO “300-PPC-001”,0,13/08/2026,ELECTRICA,Planos,Planos,Técnicos,Informativo,Ingeniería,13/08/2026 12:40,3300 - Extracción por Solventes
UPDATED,CUMBRA INGENIERÍA S.A.,P22-DA-3400-07-WD-001,"DIAGRAMA ESQUEMÁTICO DE CONTROL BOMBAS ELECTROLITO RICO ""400-PPC-001""",0,10/08/2026,ELECTRICA,Planos,Planos,Técnicos,Informativo,Ingeniería,10/08/2026 13:56,3400 - Patio de Tanques
UPDATED,CUMBRA INGENIERÍA S.A.,P22-DA-3400-07-WD-002,"DIAGRAMA ESQUEMÁTICO DE CONTROL BOMBAS ELECTROLITO RICO ""400-PPC-002""",0,10/08/2026,ELECTRICA,Planos,Planos,Técnicos,Informativo,Ingeniería,10/08/2026 13:57,3400 - Patio de Tanques
UPDATED,CUMBRA INGENIERÍA S.A.,P22-DA-3400-07-WD-003,"DIAGRAMA ESQUEMÁTICO DE CONTROL BOMBAS ELECTROLITO RICO ""400-PPC-003""",0,10/08/2026,ELECTRICA,Planos,Planos,Técnicos,Informativo,Ingeniería,10/08/2026 13:59,3400 - Patio de Tanques
UPDATED,CUMBRA INGENIERÍA S.A.,P22-DA-3400-07-WD-004,"DIAGRAMA ESQUEMÁTICO DE CONTROL BOMBAS RECIRCULACIÓN ELECTROLITO ""400-PPC-004""",0,10/08/2026,ELECTRICA,Planos,Planos,Técnicos,Informativo,Ingeniería,10/08/2026 14:00,3400 - Patio de Tanques
UPDATED,CUMBRA INGENIERÍA S.A.,P22-DA-3400-07-WD-005,"DIAGRAMA ESQUEMÁTICO DE CONTROL BOMBAS RECIRCULACIÓN ELECTROLITO RICO ""400-PPC-005""",0,10/08/2026,ELECTRICA,Planos,Planos,Técnicos,Informativo,Ingeniería,10/08/2026 14:05,3400 - Patio de Tanques
UPDATED,CUMBRA INGENIERÍA S.A.,P22-DA-3400-07-WD-006,"DIAGRAMA ESQUEMÁTICO DE CONTROL BOMBAS RECIRCULACIÓN ELECTROLITO ""400-PPC-006""",0,10/08/2026,ELECTRICA,Planos,Planos,Técnicos,Informativo,Ingeniería,10/08/2026 14:09,3400 - Patio de Tanques
UPDATED,CUMBRA INGENIERÍA S.A.,P22-DA-3400-07-WD-007,"DIAGRAMA ESQUEMÁTICO DE CONTROL BOMBAS RECIRCULACIÓN ELECTROLITO ""400-PPC-007""",0,10/08/2026,ELECTRICA,Planos,Planos,Técnicos,Informativo,Ingeniería,10/08/2026 14:11,3400 - Patio de Tanques
UPDATED,CUMBRA INGENIERÍA S.A.,P22-DA-3400-07-WD-008,"DIAGRAMA ESQUEMÁTICO DE CONTROL BOMBAS RECIRCULACIÓN ELECTROLITO ""400-PPC-008""",0,10/08/2026,ELECTRICA,Planos,Planos,Técnicos,Informativo,Ingeniería,10/08/2026 14:12,3400 - Patio de Tanques
UPDATED,CUMBRA INGENIERÍA S.A.,P22-DA-3400-07-WD-009,"DIAGRAMA ESQUEMÁTICO DE CONTROL BOMBAS RECIRCULACIÓN ELECTROLITO ""400-PPC-009""",0,10/08/2026,ELECTRICA,Planos,Planos,Técnicos,Informativo,Ingeniería,10/08/2026 14:12,3400 - Patio de Tanques
UPDATED,CUMBRA INGENIERÍA S.A.,P22-DA-3400-07-WD-010,"DIAGRAMA ESQUEMÁTICO DE CONTROL BOMBAS RECIRCULACIÓN ELECTROLITO ""400-PPC-010""",0,10/08/2026,ELECTRICA,Planos,Planos,Técnicos,Informativo,Ingeniería,10/08/2026 14:13,3400 - Patio de Tanques
UPDATED,CUMBRA INGENIERÍA S.A.,P22-DA-3400-07-WD-011,"DIAGRAMA ESQUEMÁTICO DE CONTROL BOMBAS RECIRCULACIÓN ELECTROLITO ""400-PPC-011""",0,10/08/2026,ELECTRICA,Planos,Planos,Técnicos,Informativo,Ingeniería,10/08/2026 13:55,3400 - Patio de Tanques
UPDATED,CUMBRA INGENIERÍA S.A.,P22-DA-3400-07-WD-012,"DIAGRAMA ESQUEMÁTICO DE CONTROL BOMBAS ELECTROLITO POBRE A TREN A/B ""400-PPC-012""",0,10/08/2026,ELECTRICA,Planos,Planos,Técnicos,Informativo,Ingeniería,10/08/2026 14:14,3400 - Patio de Tanques
UPDATED,CUMBRA INGENIERÍA S.A.,P22-DA-3400-07-WD-013,"DIAGRAMA ESQUEMÁTICO DE CONTROL BOMBAS ELECTROLITO POBRE A TREN A/B ""400-PPC-013""",0,10/08/2026,ELECTRICA,Planos,Planos,Técnicos,Informativo,Ingeniería,10/08/2026 14:14,3400 - Patio de Tanques
UPDATED,CUMBRA INGENIERÍA S.A.,P22-DA-3400-07-WD-014,"DIAGRAMA ESQUEMÁTICO DE CONTROL BOMBAS ELECTROLITO POBRE A TREN A/B ""400-PPC-014""",0,10/08/2026,ELECTRICA,Planos,Planos,Técnicos,Informativo,Ingeniería,10/08/2026 14:15,3400 - Patio de Tanques
UPDATED,CUMBRA INGENIERÍA S.A.,P22-DA-3400-07-WD-015,"DIAGRAMA ESQUEMÁTICO DE CONTROL BOMBAS ELECTROLITO POBRE RETROLAVADO ""400-PPC-015""",0,10/08/2026,ELECTRICA,Planos,Planos,Técnicos,Informativo,Ingeniería,10/08/2026 14:16,3400 - Patio de Tanques
UPDATED,CUMBRA INGENIERÍA S.A.,P22-DA-3400-07-WD-016,"DIAGRAMA ESQUEMÁTICO DE CONTROL BOMBAS ELECTROLITO POBRE RETROLAVADO ""400-PPC-016""",0,10/08/2026,ELECTRICA,Planos,Planos,Técnicos,Informativo,Ingeniería,10/08/2026 14:17,3400 - Patio de Tanques
UPDATED,CUMBRA INGENIERÍA S.A.,P22-DA-3400-07-WD-017,DIAGRAMA ESQUEMÁTICO DE CONTROL BOMBAS DE RETROLAVADO ETAPA S “400-PPC-018 “,0,10/08/2026,ELECTRICA,Planos,Planos,Técnicos,Informativo,Ingeniería,10/08/2026 16:36,3400 - Patio de Tanques
UPDATED,CUMBRA INGENIERÍA S.A.,P22-DA-3400-07-WD-018,DIAGRAMA ESQUEMÁTICO DE CONTROL BOMBAS DE RETROLAVADO ETAPA S “400-PPC-019 “,0,10/08/2026,ELECTRICA,Planos,Planos,Técnicos,Informativo,Ingeniería,10/08/2026 16:37,3400 - Patio de Tanques
UPDATED,CUMBRA INGENIERÍA S.A.,P22-DA-3400-07-WD-019,DIAGRAMA ESQUEMÁTICO DE CONTROL BOMBA TANQUE DE RETENCIÓN “400-PPC-021 “,0,10/08/2026,ELECTRICA,Planos,Planos,Técnicos,Informativo,Ingeniería,10/08/2026 16:38,3400 - Patio de Tanques
UPDATED,CUMBRA INGENIERÍA S.A.,P22-DA-3400-07-WD-020,DIAGRAMA ESQUEMÁTICO DE CONTROL BOMBA TANQUE DE RETENCIÓN “400-PPC-022 “,0,10/08/2026,ELECTRICA,Planos,Planos,Técnicos,Informativo,Ingeniería,10/08/2026 16:38,3400 - Patio de Tanques
UPDATED,CUMBRA INGENIERÍA S.A.,P22-DA-3400-07-WD-021,DIAGRAMA ESQUEMÁTICO DE CONTROL BOMBA DE ORGÁNICO RECUPERADO “400-PPC-023”,0,10/08/2026,ELECTRICA,Planos,Planos,Técnicos,Informativo,Ingeniería,10/08/2026 16:39,3400 - Patio de Tanques
UPDATED,CUMBRA INGENIERÍA S.A.,P22-DA-3400-07-WD-022,DIAGRAMA ESQUEMÁTICO DE CONTROL BOMBA DE ORGÁNICO RECUPERADO “400-PPC-024”,0,10/08/2026,ELECTRICA,Planos,Planos,Técnicos,Informativo,Ingeniería,10/08/2026 16:40,3400 - Patio de Tanques
UPDATED,CUMBRA INGENIERÍA S.A.,P22-DA-3400-07-WD-029,DIAGRAMA ESQUEMÁTICO DE CONTROL BBA. RECOLECCIÓN ORGÁNICO DRENAJES “400-PPV-001”,0,11/08/2026,ELECTRICA,Planos,Planos,Técnicos,Informativo,Ingeniería,11/08/2026 12:09,3400 - Patio de Tanques
UPDATED,CUMBRA INGENIERÍA S.A.,P22-DA-3400-07-WD-030,DIAGRAMA ESQUEMÁTICO DE CONTROL BOMBAS TRANSFERENCIAS DRENAJES “400-PPV-003”,0,11/08/2026,ELECTRICA,Planos,Planos,Técnicos,Informativo,Ingeniería,11/08/2026 12:10,3400 - Patio de Tanques
UPDATED,CUMBRA INGENIERÍA S.A.,P22-DA-3400-07-WD-031,DIAGRAMA ESQUEMÁTICO DE CONTROL AGITADOR TANQUE PREPARACIÓN GUAR “400-AGA- 001”,0,11/08/2026,ELECTRICA,Planos,Planos,Técnicos,Informativo,Ingeniería,11/08/2026 12:13,3400 - Patio de Tanques
UPDATED,CUMBRA INGENIERÍA S.A.,P22-DA-3400-07-WD-032,DIAGRAMA ESQUEMÁTICO DE CONTROL AGITADOR TANQUE DISTRIBUCIÓN GUAR “400-AGA-002”,0,11/08/2026,ELECTRICA,Planos,Planos,Técnicos,Informativo,Ingeniería,11/08/2026 12:14,3400 - Patio de Tanques
UPDATED,CUMBRA INGENIERÍA S.A.,P22-DA-3400-07-WD-033,DIAGRAMA ESQUEMÁTICO DE CONTROL AGITADOR TANQUE PREP. SULF. COBALTO “400-AGA- 003”,0,11/08/2026,ELECTRICA,Planos,Planos,Técnicos,Informativo,Ingeniería,11/08/2026 12:15,3400 - Patio de Tanques
UPDATED,CUMBRA INGENIERÍA S.A.,P22-DA-3400-07-WD-034,DIAGRAMA ESQUEMÁTICO DE CONTROL SOPLADOR FILTRO DE ELECTROLITO “400-FAN-001”,0,11/08/2026,ELECTRICA,Planos,Planos,Técnicos,Informativo,Ingeniería,11/08/2026 12:16,3400 - Patio de Tanques
UPDATED,CUMBRA INGENIERÍA S.A.,P22-DA-3400-07-WD-035,DIAGRAMA ESQUEMÁTICO DE CONTROL SOPLADOR FILTRO DE ELECTROLITO “400-FAN-002”,0,11/08/2026,ELECTRICA,Planos,Planos,Técnicos,Informativo,Ingeniería,11/08/2026 12:17,3400 - Patio de Tanques
UPDATED,CUMBRA INGENIERÍA S.A.,P22-DA-3400-07-WD-036,DIAGRAMA ESQUEMÁTICO DE CONTROL ALIMENTADOR DE GUAR TANQUE PREP. “400-CVS-001”,0,11/08/2026,ELECTRICA,Planos,Planos,Técnicos,Informativo,Ingeniería,11/08/2026 12:17,3400 - Patio de Tanques
UPDATED,CUMBRA INGENIERÍA S.A.,P22-DA-3400-07-WD-037,DIAGRAMA ESQUEMÁTICO DE CONTROL TORNILLO ALIMENTACIÓN COBALTO “400-CVS-002”,0,11/08/2026,ELECTRICA,Planos,Planos,Técnicos,Informativo,Ingeniería,11/08/2026 12:18,3400 - Patio de Tanques
UPDATED,CUMBRA INGENIERÍA S.A.,P22-DA-3400-07-WD-038,DIAGRAMA ESQUEMÁTICO DE CONTROL BOMBA AGUA ACIDA “400-PPC-050”,0,11/08/2026,ELECTRICA,Planos,Planos,Técnicos,Informativo,Ingeniería,11/08/2026 12:19,3400 - Patio de Tanques
UPDATED,CUMBRA INGENIERÍA S.A.,P22-DA-3400-07-WD-039,DIAGRAMA ESQUEMÁTICO DE CONTROL BOMBA AGUA ACIDA “400-PPC-051”,0,11/08/2026,ELECTRICA,Planos,Planos,Técnicos,Informativo,Ingeniería,11/08/2026 12:32,3400 - Patio de Tanques
UPDATED,CUMBRA INGENIERÍA S.A.,P22-DA-3400-07-WD-040,"DIAGRAMA DE INTERCONEXIONES BOMBAS DE RECIRCULACIÓN ELECTROLITO ""400-PPC-001""",0,11/08/2026,ELECTRICA,Planos,Planos,Técnicos,Informativo,Ingeniería,11/08/2026 19:40,3400 - Patio de Tanques
UPDATED,CUMBRA INGENIERÍA S.A.,P22-DA-3400-07-WD-041,"DIAGRAMA DE INTERCONEXIONES BOMBAS DE RECIRCULACIÓN ELECTROLITO ""400-PPC-002""",0,11/08/2026,ELECTRICA,Planos,Planos,Técnicos,Informativo,Ingeniería,11/08/2026 19:41,3400 - Patio de Tanques
UPDATED,CUMBRA INGENIERÍA S.A.,P22-DA-3400-07-WD-042,"DIAGRAMA DE INTERCONEXIONES BOMBAS DE RECIRCULACIÓN ELECTROLITO ""400-PPC-003""",0,11/08/2026,ELECTRICA,Planos,Planos,Técnicos,Informativo,Ingeniería,11/08/2026 19:42,3400 - Patio de Tanques
UPDATED,CUMBRA INGENIERÍA S.A.,P22-DA-3400-07-WD-043,"DIAGRAMA DE INTERCONEXIONES BOMBAS DE RECIRCULACIÓN ELECTROLITO ""400-PPC-004""",0,11/08/2026,ELECTRICA,Planos,Planos,Técnicos,Informativo,Ingeniería,11/08/2026 19:43,3400 - Patio de Tanques
UPDATED,CUMBRA INGENIERÍA S.A.,P22-DA-3400-07-WD-044,"DIAGRAMA DE INTERCONEXIONES BOMBAS DE RECIRCULACIÓN ELECTROLITO ""400-PPC-005""",0,11/08/2026,ELECTRICA,Planos,Planos,Técnicos,Informativo,Ingeniería,11/08/2026 19:43,3400 - Patio de Tanques
UPDATED,CUMBRA INGENIERÍA S.A.,P22-DA-3400-07-WD-045,"DIAGRAMA DE INTERCONEXIONES BOMBAS DE RECIRCULACIÓN ELECTROLITO ""400-PPC-006""",0,11/08/2026,ELECTRICA,Planos,Planos,Técnicos,Informativo,Ingeniería,11/08/2026 19:45,3400 - Patio de Tanques
UPDATED,CUMBRA INGENIERÍA S.A.,P22-DA-3400-07-WD-046,"DIAGRAMA DE INTERCONEXIONES BOMBAS DE RECIRCULACIÓN ELECTROLITO ""400-PPC-007""",0,11/08/2026,ELECTRICA,Planos,Planos,Técnicos,Informativo,Ingeniería,11/08/2026 19:46,3400 - Patio de Tanques
UPDATED,CUMBRA INGENIERÍA S.A.,P22-DA-3400-07-WD-047,"DIAGRAMA DE INTERCONEXIONES BOMBAS DE RECIRCULACIÓN ELECTROLITO ""400-PPC-008""",0,11/08/2026,ELECTRICA,Planos,Planos,Técnicos,Informativo,Ingeniería,11/08/2026 19:47,3400 - Patio de Tanques
UPDATED,CUMBRA INGENIERÍA S.A.,P22-DA-3400-07-WD-048,"DIAGRAMA DE INTERCONEXIONES BOMBAS DE RECIRCULACIÓN ELECTROLITO ""400-PPC-009""",0,11/08/2026,ELECTRICA,Planos,Planos,Técnicos,Informativo,Ingeniería,11/08/2026 19:48,3400 - Patio de Tanques
UPDATED,CUMBRA INGENIERÍA S.A.,P22-DA-3400-07-WD-049,"DIAGRAMA DE INTERCONEXIONES BOMBAS DE RECIRCULACIÓN ELECTROLITO ""400-PPC-010""",0,11/08/2026,ELECTRICA,Planos,Planos,Técnicos,Informativo,Ingeniería,11/08/2026 19:50,3400 - Patio de Tanques
UPDATED,CUMBRA INGENIERÍA S.A.,P22-DA-3400-07-WD-050,"DIAGRAMA DE INTERCONEXIONES BOMBAS DE RECIRCULACIÓN ELECTROLITO ""400-PPC-011""",0,11/08/2026,ELECTRICA,Planos,Planos,Técnicos,Informativo,Ingeniería,11/08/2026 19:52,3400 - Patio de Tanques
UPDATED,CUMBRA INGENIERÍA S.A.,P22-DA-3400-07-WD-051,"DIAGRAMA DE INTERCONEXIONES BOMBAS ELECTROLITO POBRE TREN A Y B ""400-PPC-012""",0,12/08/2026,ELECTRICA,Planos,Planos,Técnicos,Informativo,Ingeniería,12/08/2026 13:13,3400 - Patio de Tanques
UPDATED,CUMBRA INGENIERÍA S.A.,P22-DA-3400-07-WD-052,"DIAGRAMA DE INTERCONEXIONES BOMBAS ELECTROLITO POBRE TREN A Y B ""400-PPC-013""",0,12/08/2026,ELECTRICA,Planos,Planos,Técnicos,Informativo,Ingeniería,12/08/2026 13:14,3400 - Patio de Tanques
UPDATED,CUMBRA INGENIERÍA S.A.,P22-DA-3400-07-WD-053,"DIAGRAMA DE INTERCONEXIONES BOMBAS ELECTROLITO POBRE RETROLAVADO""400-PPC-014""",0,12/08/2026,ELECTRICA,Planos,Planos,Técnicos,Informativo,Ingeniería,12/08/2026 13:14,3400 - Patio de Tanques
UPDATED,CUMBRA INGENIERÍA S.A.,P22-DA-3400-07-WD-054,"DIAGRAMA DE INTERCONEXIONES BOMBAS ELECTROLITO POBRE RETROLAVADO ""400-PPC-015""",0,12/08/2026,ELECTRICA,Planos,Planos,Técnicos,Informativo,Ingeniería,12/08/2026 13:15,3400 - Patio de Tanques
UPDATED,CUMBRA INGENIERÍA S.A.,P22-DA-3400-07-WD-055,"DIAGRAMA DE INTERCONEXIONES BOMBAS DE RECIRCULACIÓN ELECTROLITO ""400-PPC-016""",0,12/08/2026,ELECTRICA,Planos,Planos,Técnicos,Informativo,Ingeniería,12/08/2026 13:15,3400 - Patio de Tanques
UPDATED,CUMBRA INGENIERÍA S.A.,P22-DA-3400-07-WD-056,DIAGRAMA DE INTERCONEXIONES BOMBAS DE RETROLAVADO ETAPAS S “400-PPC-018”,0,12/08/2026,ELECTRICA,Planos,Planos,Técnicos,Informativo,Ingeniería,12/08/2026 13:16,3400 - Patio de Tanques
UPDATED,CUMBRA INGENIERÍA S.A.,P22-DA-3400-07-WD-057,DIAGRAMA DE INTERCONEXIONES BOMBAS DE RETROLAVADO ETAPAS S “400-PPC-019”,0,12/08/2026,ELECTRICA,Planos,Planos,Técnicos,Informativo,Ingeniería,12/08/2026 13:17,3400 - Patio de Tanques
UPDATED,CUMBRA INGENIERÍA S.A.,P22-DA-3400-07-WD-058,DIAGRAMA DE INTERCONEXIONES BOMBA TANQUE DE RETENCIÓN “400-PPC-021”,0,12/08/2026,ELECTRICA,Planos,Planos,Técnicos,Informativo,Ingeniería,12/08/2026 13:17,3400 - Patio de Tanques
UPDATED,CUMBRA INGENIERÍA S.A.,P22-DA-3400-07-WD-059,DIAGRAMA DE INTERCONEXIONES BOMBA TANQUE DE RETENCIÓN “400-PPC-022”,0,12/08/2026,ELECTRICA,Planos,Planos,Técnicos,Informativo,Ingeniería,12/08/2026 13:18,3400 - Patio de Tanques
UPDATED,CUMBRA INGENIERÍA S.A.,P22-DA-3400-07-WD-060,DIAGRAMA DE INTERCONEXIONES BOMBAS DE ORGÁNICO RECUPERADO “400-PPC-023”,0,12/08/2026,ELECTRICA,Planos,Planos,Técnicos,Informativo,Ingeniería,12/08/2026 13:19,3400 - Patio de Tanques
UPDATED,CUMBRA INGENIERÍA S.A.,P22-DA-3400-07-WD-061,DIAGRAMA DE INTERCONEXIONES BOMBAS DE ORGÁNICO RECUPERADO “400-PPC-024”,0,12/08/2026,ELECTRICA,Planos,Planos,Técnicos,Informativo,Ingeniería,12/08/2026 13:20,3400 - Patio de Tanques
UPDATED,CUMBRA INGENIERÍA S.A.,P22-DA-3400-07-WD-062,DIAGRAMA DE INTERCONEXIONES BOMBA DOSIFICACIÓN GUAR “400-PPD-001”,0,12/08/2026,ELECTRICA,Planos,Planos,Técnicos,Informativo,Ingeniería,12/08/2026 17:26,3400 - Patio de Tanques
UPDATED,CUMBRA INGENIERÍA S.A.,P22-DA-3400-07-WD-063,DIAGRAMA DE INTERCONEXIONES BOMBA DOSIFICACIÓN GUAR “400-PPD-002”,0,12/08/2026,ELECTRICA,Planos,Planos,Técnicos,Informativo,Ingeniería,12/08/2026 17:27,3400 - Patio de Tanques
UPDATED,CUMBRA INGENIERÍA S.A.,P22-DA-3400-07-WD-064,DIAGRAMA DE INTERCONEXIONES BOMBA DOSIFICACIÓN GUAR “400-PPD-003”,0,12/08/2026,ELECTRICA,Planos,Planos,Técnicos,Informativo,Ingeniería,12/08/2026 17:28,3400 - Patio de Tanques
UPDATED,CUMBRA INGENIERÍA S.A.,P22-DA-3400-07-WD-065,DIAGRAMA DE INTERCONEXIONES BOMBA DOSIFICACIÓN GUAR “400-PPD-004”,0,12/08/2026,ELECTRICA,Planos,Planos,Técnicos,Informativo,Ingeniería,12/08/2026 17:18,3400 - Patio de Tanques
UPDATED,CUMBRA INGENIERÍA S.A.,P22-DA-3400-07-WD-066,DIAGRAMA DE INTERCONEXIONES BOMBA DOSIFICACIÓN SULFATO COBALTO “400-PPD-043”,0,12/08/2026,ELECTRICA,Planos,Planos,Técnicos,Informativo,Ingeniería,12/08/2026 17:14,3400 - Patio de Tanques
UPDATED,CUMBRA INGENIERÍA S.A.,P22-DA-3400-07-WD-067,DIAGRAMA DE INTERCONEXIONES BOMBA DOSIFICACIÓN SULFATO COBALTO “400-PPD-044”,0,12/08/2026,ELECTRICA,Planos,Planos,Técnicos,Informativo,Ingeniería,12/08/2026 17:13,3400 - Patio de Tanques
UPDATED,CUMBRA INGENIERÍA S.A.,P22-DA-3400-07-WD-068,DIAGRAMA DE INTERCONEXIONES BBA. RECOLECCIÓN ORGÁNICO DRENAJE “400-PPV-001”,0,12/08/2026,ELECTRICA,Planos,Planos,Técnicos,Informativo,Ingeniería,12/08/2026 17:10,3400 - Patio de Tanques
UPDATED,CUMBRA INGENIERÍA S.A.,P22-DA-3400-07-WD-069,DIAGRAMA DE INTERCONEXIONES BBA. TRANSFERENCIA DRENAJES “400-PPV-003”,0,12/08/2026,ELECTRICA,Planos,Planos,Técnicos,Informativo,Ingeniería,12/08/2026 17:12,3400 - Patio de Tanques
UPDATED,CUMBRA INGENIERÍA S.A.,P22-DA-3400-07-WD-070,DIAGRAMA DE INTERCONEXIONES AGITADOR TANQUE PREPARACIÓN GUAR “400-AGA-001”,0,12/08/2026,ELECTRICA,Planos,Planos,Técnicos,Informativo,Ingeniería,12/08/2026 17:15,3400 - Patio de Tanques
UPDATED,CUMBRA INGENIERÍA S.A.,P22-DA-3400-07-WD-071,DIAGRAMA DE INTERCONEXIONES AGITADOR TANQUE DISTRIBUCIÓN GUAR “400-AGA-002”,0,12/08/2026,ELECTRICA,Planos,Planos,Técnicos,Informativo,Ingeniería,12/08/2026 17:13,3400 - Patio de Tanques
UPDATED,CUMBRA INGENIERÍA S.A.,P22-DA-3400-07-WD-072,DIAGRAMA DE INTERCONEXIONES AGITADOR TANQUE PREP. SULF. COBALTO “400-AGA-003,0,12/08/2026,ELECTRICA,Planos,Planos,Técnicos,Informativo,Ingeniería,12/08/2026 17:14,3400 - Patio de Tanques
UPDATED,CUMBRA INGENIERÍA S.A.,P22-DA-3400-07-WD-073,DIAGRAMA DE INTERCONEXIONES SOPLADOR FILTRO DE ELECTROLITO “400-FAN-001 “,0,12/08/2026,ELECTRICA,Planos,Planos,Técnicos,Informativo,Ingeniería,12/08/2026 17:15,3400 - Patio de Tanques
UPDATED,CUMBRA INGENIERÍA S.A.,P22-DA-3400-07-WD-074,DIAGRAMA DE INTERCONEXIONES SOPLADOR FILTRO DE ELECTROLITO “400-FAN-002 “,0,12/08/2026,ELECTRICA,Planos,Planos,Técnicos,Informativo,Ingeniería,12/08/2026 17:17,3400 - Patio de Tanques
UPDATED,CUMBRA INGENIERÍA S.A.,P22-DA-3400-07-WD-075,DIAGRAMA DE INTERCONEXIONES ALIMENTADOR GUAR A TANQUE PREP. “400-CVS-001 “,0,12/08/2026,ELECTRICA,Planos,Planos,Técnicos,Informativo,Ingeniería,12/08/2026 17:21,3400 - Patio de Tanques
UPDATED,CUMBRA INGENIERÍA S.A.,P22-DA-3400-07-WD-076,DIAGRAMA DE INTERCONEXIONES TORNILLO ALIMENTACIÓN COBALTO “400-CVS-002”,0,12/08/2026,ELECTRICA,Planos,Planos,Técnicos,Informativo,Ingeniería,12/08/2026 17:21,3400 - Patio de Tanques
UPDATED,CUMBRA INGENIERÍA S.A.,P22-DA-3400-07-WD-077,DIAGRAMA DE INTERCONEXIONES BOMBA DE AGUA ACIDA “400-PPC-050”,0,12/08/2026,ELECTRICA,Planos,Planos,Técnicos,Informativo,Ingeniería,12/08/2026 17:22,3400 - Patio de Tanques
UPDATED,CUMBRA INGENIERÍA S.A.,P22-DA-3400-07-WD-078,DIAGRAMA DE INTERCONEXIONES BOMBA DE AGUA ACIDA “400-PPC-051”,0,12/08/2026,ELECTRICA,Planos,Planos,Técnicos,Informativo,Ingeniería,12/08/2026 17:23,3400 - Patio de Tanques
UPDATED,CUMBRA INGENIERÍA S.A.,P22-DA-3500-07-LY-003,DISPOSICIÓN DE EQUIPOS SISTEMA DE RECTIFICACIÓN N°1  - PLANTA Y SECCIONES,0,13/08/2026,ELECTRICA,Planos,Planos,Técnicos,Construcción,Ingeniería,13/08/2026 15:21,3500 - Depositación Electrolítica
UPDATED,CUMBRA INGENIERÍA S.A.,P22-DA-3500-07-LY-004,DISPOSICIÓN DE EQUIPOS SISTEMA DE RECTIFICACIÓN N°2  - PLANTA Y SECCIONES,0,13/08/2026,ELECTRICA,Planos,Planos,Técnicos,Construcción,Ingeniería,13/08/2026 15:22,3500 - Depositación Electrolítica
UPDATED,CUMBRA INGENIERÍA S.A.,P22-DA-3500-07-LY-010,SALA ELÉCTRICA 500-ERC-001 - CANALIZACIONES ELÉCTRICAS DE FUERZA Y CONTROL - SECCIONES Y DETALLES - NIVEL 1 Y AZOTEA,B,10/08/2026,ELECTRICA,Planos,Planos,Técnicos,Revisión de SPCC,Ingeniería,10/08/2026 17:21,3500 - Depositación Electrolítica
NEW,CUMBRA INGENIERÍA S.A.,P22-DA-3500-07-LY-013,ÁREA DE CELDAS SECTOR 1 Y 2 - CANALIZACIÓN FUERZA Y CONTROL - PLANTA,A,12/08/2026,ELECTRICA,Planos,Planos,Técnicos,Revisión Interna,Ingeniería,12/08/2026 14:35,3500 - Depositación Electrolítica
NEW,CUMBRA INGENIERÍA S.A.,P22-DA-3500-07-LY-014,ÁREA DE CELDAS SECTOR 1 Y 2 - CANALIZACIÓN FUERZA Y CONTROL - SECCIONES Y DETALLES,A,12/08/2026,ELECTRICA,Planos,Planos,Técnicos,Revisión Interna,Ingeniería,12/08/2026 14:36,3500 - Depositación Electrolítica
NEW,CUMBRA INGENIERÍA S.A.,P22-DA-3500-07-LY-015,ÁREA DE CELDAS SECTOR CENTRAL - CANALIZACIÓN FUERZA Y CONTROL - PLANTA,A,19/08/2026,ELECTRICA,Planos,Planos,Técnicos,Revisión Interna,Ingeniería,19/08/2026 15:18,3500 - Depositación Electrolítica
NEW,CUMBRA INGENIERÍA S.A.,P22-DA-3500-07-LY-022,ÁREA DE CELDAS SECTOR CENTRAL - CANALIZACIÓN FUERZA Y CONTROL - SECCIONES Y DETALLES,A,19/08/2026,ELECTRICA,Planos,Planos,Técnicos,Revisión Interna,Ingeniería,19/08/2026 15:19,3500 - Depositación Electrolítica
NEW,CUMBRA INGENIERÍA S.A.,P22-DA-3500-07-LY-026,ÁREA DE CELDAS SECTOR 3 Y 4 - CANALIZACIÓN FUERZA Y CONTROL - PLANTA,A,12/08/2026,ELECTRICA,Planos,Planos,Técnicos,Revisión Interna,Ingeniería,12/08/2026 11:56,3500 - Depositación Electrolítica
NEW,CUMBRA INGENIERÍA S.A.,P22-DA-3500-07-LY-027,ÁREA DE CELDAS SECTOR 3 Y 4 - CANALIZACIÓN FUERZA Y CONTROL - SECCIONES Y DETALLES,A,12/08/2026,ELECTRICA,Planos,Planos,Técnicos,Revisión Interna,Ingeniería,12/08/2026 11:57,3500 - Depositación Electrolítica
UPDATED,CUMBRA INGENIERÍA S.A.,P22-DA-3500-07-SD-002,DIAGRAMA UNIFILAR CCM 500-MCL-001 (1 DE 2),E,17/08/2026,ELECTRICA,Planos,Planos,Técnicos,Revisión de SPCC,Ingeniería,17/08/2026 20:06,3500 - Depositación Electrolítica
UPDATED,CUMBRA INGENIERÍA S.A.,P22-DA-3500-07-SD-003,DIAGRAMA UNIFILAR CCM 500-MCL-001 (2 DE 2),E,17/08/2026,ELECTRICA,Planos,Planos,Técnicos,Revisión de SPCC,Ingeniería,17/08/2026 20:07,3500 - Depositación Electrolítica
UPDATED,CUMBRA INGENIERÍA S.A.,P22-DA-3500-07-SD-007,DIAGRAMA UNIFILAR CCM 500-MCL-002,E,17/08/2026,ELECTRICA,Planos,Planos,Técnicos,Revisión de SPCC,Ingeniería,17/08/2026 20:09,3500 - Depositación Electrolítica
UPDATED,CUMBRA INGENIERÍA S.A.,P22-DA-3500-07-WD-001,DIAGRAMA ESQUEMÁTICO DE CONTROL VENTILADOR EXTRACCIÓN CENTRÍFUGO “500-FAN-001”,0,13/08/2026,ELECTRICA,Planos,Planos,Técnicos,Informativo,Ingeniería,13/08/2026 15:29,3500 - Depositación Electrolítica
UPDATED,CUMBRA INGENIERÍA S.A.,P22-DA-3500-07-WD-002,"DIAGRAMA ESQUEMÁTICO DE CONTROL MOTOR BOMBA DE AGUA DESALINIZADA ""500-PPC-009-M""",0,13/08/2026,ELECTRICA,Planos,Planos,Técnicos,Informativo,Ingeniería,13/08/2026 15:30,3500 - Depositación Electrolítica
UPDATED,CUMBRA INGENIERÍA S.A.,P22-DA-3500-07-WD-003,DIAGRAMA ESQUEMÁTICO DE CONTROL VENTILADOR EXTRACCIÓN CENTRÍFUGO “500-FAN-002”,0,13/08/2026,ELECTRICA,Planos,Planos,Técnicos,Informativo,Ingeniería,13/08/2026 15:31,3500 - Depositación Electrolítica
UPDATED,CUMBRA INGENIERÍA S.A.,P22-DA-3500-07-WD-004,"DIAGRAMA ESQUEMÁTICO DE CONTROL MOTOR BOMBA DE AGUA DESALINIZADA ""500-PPC-010-M""",0,13/08/2026,ELECTRICA,Planos,Planos,Técnicos,Informativo,Ingeniería,13/08/2026 15:32,3500 - Depositación Electrolítica
UPDATED,CUMBRA INGENIERÍA S.A.,P22-DA-3500-07-WD-005,DIAGRAMA ESQUEMÁTICO DE CONTROL VENTILADOR EXTRACCIÓN CENTRÍFUGO “500-FAN-003”,0,13/08/2026,ELECTRICA,Planos,Planos,Técnicos,Informativo,Ingeniería,13/08/2026 15:32,3500 - Depositación Electrolítica
UPDATED,CUMBRA INGENIERÍA S.A.,P22-DA-3500-07-WD-007,DIAGRAMA ESQUEMÁTICO DE CONTROL VENTILADOR EXTRACCIÓN CENTRÍFUGO “500-FAN-004”,0,13/08/2026,ELECTRICA,Planos,Planos,Técnicos,Informativo,Ingeniería,13/08/2026 15:38,3500 - Depositación Electrolítica
UPDATED,CUMBRA INGENIERÍA S.A.,P22-DA-3500-07-WD-009,DIAGRAMA ESQUEMÁTICO DE CONTROL BOMBA AGUA DESMINERALIZADA “500- PPC-005”,0,13/08/2026,ELECTRICA,Planos,Planos,Técnicos,Informativo,Ingeniería,13/08/2026 15:39,3500 - Depositación Electrolítica
UPDATED,CUMBRA INGENIERÍA S.A.,P22-DA-3500-07-WD-010,DIAGRAMA ESQUEMÁTICO DE CONTROL BOMBA AGUA DESMINERALIZADA “500- PPC-006”,0,13/08/2026,ELECTRICA,Planos,Planos,Técnicos,Informativo,Ingeniería,13/08/2026 15:40,3500 - Depositación Electrolítica
UPDATED,CUMBRA INGENIERÍA S.A.,P22-DA-3500-07-WD-011,DIAGRAMA ESQUEMÁTICO DE CONTROL BOMBA AGUA DESMINERALIZADA “500- PPC-007”,0,13/08/2026,ELECTRICA,Planos,Planos,Técnicos,Informativo,Ingeniería,13/08/2026 15:53,3500 - Depositación Electrolítica
UPDATED,CUMBRA INGENIERÍA S.A.,P22-DA-3500-07-WD-012,DIAGRAMA ESQUEMÁTICO DE CONTROL BOMBA AGUA DESMINERALIZADA “500- PPC-008”,0,13/08/2026,ELECTRICA,Planos,Planos,Técnicos,Informativo,Ingeniería,13/08/2026 15:41,3500 - Depositación Electrolítica
UPDATED,CUMBRA INGENIERÍA S.A.,P22-DA-3500-07-WD-013,DIAGRAMA DE INTERCONEXIONES VENTILADOR EXTRACCIÓN CENTRÍFUGO “500-FAN-001”,0,13/08/2026,ELECTRICA,Planos,Planos,Técnicos,Informativo,Ingeniería,13/08/2026 15:43,3500 - Depositación Electrolítica
UPDATED,CUMBRA INGENIERÍA S.A.,P22-DA-3500-07-WD-014,"DIAGRAMA DE INTERCONEXIONES MOTOR BOMBA DE AGUA DESALINIZADA ""500-PPC-009-M""",0,13/08/2026,ELECTRICA,Planos,Planos,Técnicos,Informativo,Ingeniería,13/08/2026 15:44,3500 - Depositación Electrolítica
UPDATED,CUMBRA INGENIERÍA S.A.,P22-DA-3500-07-WD-015,DIAGRAMA DE INTERCONEXIONES VENTILADOR EXTRACCIÓN CENTRÍFUGO “500-FAN-002”,0,13/08/2026,ELECTRICA,Planos,Planos,Técnicos,Informativo,Ingeniería,13/08/2026 15:45,3500 - Depositación Electrolítica
UPDATED,CUMBRA INGENIERÍA S.A.,P22-DA-3500-07-WD-016,"DIAGRAMA DE INTERCONEXIONES MOTOR BOMBA DE AGUA DESALINIZADA ""500-PPC-010-M""",0,13/08/2026,ELECTRICA,Planos,Planos,Técnicos,Informativo,Ingeniería,13/08/2026 15:47,3500 - Depositación Electrolítica
UPDATED,CUMBRA INGENIERÍA S.A.,P22-DA-3500-07-WD-017,DIAGRAMA DE INTERCONEXIONES VENTILADOR EXTRACCIÓN CENTRÍFUGO “500-FAN-003”,0,13/08/2026,ELECTRICA,Planos,Planos,Técnicos,Informativo,Ingeniería,13/08/2026 15:48,3500 - Depositación Electrolítica
UPDATED,CUMBRA INGENIERÍA S.A.,P22-DA-3500-07-WD-019,DIAGRAMA DE INTERCONEXIONES VENTILADOR EXTRACCIÓN CENTRÍFUGO “500-FAN-004”,0,13/08/2026,ELECTRICA,Planos,Planos,Técnicos,Informativo,Ingeniería,13/08/2026 15:48,3500 - Depositación Electrolítica
UPDATED,CUMBRA INGENIERÍA S.A.,P22-DA-3500-07-WD-021,DIAGRAMA DE INTERCONEXIONES BOMBA DE AGUA DESMINERALIZADA “500-PPC-005”,0,13/08/2026,ELECTRICA,Planos,Planos,Técnicos,Informativo,Ingeniería,13/08/2026 15:49,3500 - Depositación Electrolítica
UPDATED,CUMBRA INGENIERÍA S.A.,P22-DA-3500-07-WD-022,DIAGRAMA DE INTERCONEXIONES BOMBA DE AGUA DESMINERALIZADA “500-PPC-006”,0,13/08/2026,ELECTRICA,Planos,Planos,Técnicos,Informativo,Ingeniería,13/08/2026 15:50,3500 - Depositación Electrolítica
UPDATED,CUMBRA INGENIERÍA S.A.,P22-DA-3500-07-WD-023,DIAGRAMA DE INTERCONEXIONES BOMBA DE AGUA DESMINERALIZADA “500-PPC-007”,0,13/08/2026,ELECTRICA,Planos,Planos,Técnicos,Informativo,Ingeniería,13/08/2026 15:51,3500 - Depositación Electrolítica
UPDATED,CUMBRA INGENIERÍA S.A.,P22-DA-3500-07-WD-024,DIAGRAMA DE INTERCONEXIONES BOMBA DE AGUA DESMINERALIZADA “500-PPC-008”,0,13/08/2026,ELECTRICA,Planos,Planos,Técnicos,Informativo,Ingeniería,13/08/2026 15:52,3500 - Depositación Electrolítica
NEW,CUMBRA INGENIERÍA S.A.,P22-DA-3660-07-SD-001,Diagrama Unifilar - General,A,18/08/2026,ELECTRICA,Planos,Planos,Técnicos,Revisión Interna,Ingeniería,18/08/2026 14:25,3660 - Laboratorio
NEW,CUMBRA INGENIERÍA S.A.,P22114-DA-3660-07-DS-001,"HOJA DE DATOS - SUBESTACION UNITARIA 23/0.48 kV, TAG: 660-XFU-001",B,17/08/2026,ELECTRICA,Hoja de Datos,Documentos,Técnicos,Revisión de SPCC,Ingeniería,18/08/2026 09:27,3660 - Laboratorio
NEW,CUMBRA INGENIERÍA S.A.,P22114-DA-3660-07-ER-001,REQUISICIÓN DE EQUIPOS ELECTRICOS - SUBESTACION UNITARIA 23 / 0.48 kV,B,21/08/2026,ELECTRICA,Requisición,Documentos,Técnicos,Revisión de SPCC,Ingeniería,21/08/2026 14:54,3660 - Laboratorio
NEW,CUMBRA INGENIERÍA S.A.,P22114-DA-3660-07-MC-002,MEMORIA DE CÁLCULO – MÁXIMA DEMANDA,A,21/08/2026,ELECTRICA,Memoria de Calculo,Documentos,Técnicos,Revisión Interna,Ingeniería,21/08/2026 17:43,3660 - Laboratorio
